{"cameraMode":{"drawMode":0,"name":"Shaded","section":"Shading Mode"},"sceneLighting":true,"audioPlay":false,"sceneViewState":{"showFog":false,"showMaterialUpdate":false,"showSkybox":false,"showFlares":false,"showImageEffects":false,"showParticleSystems":false},"in2DMode":false,"pivot":{"x":66.4385986328125,"y":-32.4994010925293,"z":41.682640075683597},"rotation":{"x":-0.2353801429271698,"y":-0.4729349911212921,"z":0.13284088671207429,"w":-0.8388027548789978},"size":69.49041748046875,"orthographic":false}