{"cameraMode":{"drawMode":0,"name":"Shaded","section":"Shading Mode"},"sceneLighting":true,"audioPlay":false,"sceneViewState":{"showFog":false,"showMaterialUpdate":false,"showSkybox":false,"showFlares":false,"showImageEffects":false,"showParticleSystems":false},"in2DMode":false,"pivot":{"x":10.06414794921875,"y":6.392002105712891,"z":6.786044597625732},"rotation":{"x":-0.3139738142490387,"y":0.555821418762207,"z":-0.23827360570430757,"w":-0.7321666479110718},"size":8.401334762573243,"orthographic":false}