{"cameraMode":{"drawMode":0,"name":"Shaded","section":"Shading Mode"},"sceneLighting":false,"audioPlay":false,"sceneViewState":{"showFog":false,"showMaterialUpdate":false,"showSkybox":false,"showFlares":false,"showImageEffects":false,"showParticleSystems":false},"in2DMode":false,"pivot":{"x":3.3299999237060549,"y":-1.2799999713897706,"z":6.820000171661377},"rotation":{"x":-0.1209273636341095,"y":0.5935754776000977,"z":-0.09081080555915833,"w":-0.7904523611068726},"size":4.672630786895752,"orthographic":false}